{
	"id": "Slugcat_Example",
	"scene_folder": "slugbase/scenes/slugcat_example",
	"images": [
		{"name": "flat", "pos": [0, 0], "depth": -1.0, "flatmode": true},
		{"name": "background", "pos": [442, 134], "depth": 3.5},
		{"name": "bg plants", "pos": [488, 197], "depth": 3.2},
		{"name": "sprinter", "pos": [516, 185], "depth": 3.0, "shader": "LightEdges"},
		{"name": "hand", "pos": [687, 276], "depth": 2.8, "shader": "LightEdges"},
		{"name": ".eyes red", "pos": [649, 334], "depth": 3.0, "shader": "Basic"},
		{"name": "spores", "pos": [487, 151], "depth": 2, "shader": "Overlay"},
		{"name": "plants", "pos": [301, 18], "depth": 1.5}
	],
	"idle_depths": [2.9],
	"glow_pos": [730, 335],
	"mark_pos": [740, 575],
	"select_menu_pos": [-10, 100],
	"slugcat_depth": 3.0
}