{
	"id": "SlugBaseExample",
	"name": "The Wraith",
	"description": "An example slugcat made with SlugBase.",
	
	"features": {
		"color": "12a116",
		"custom_colors": [
			{ "name": "Body", "story": "AAEECC", "arena": [ "AAEECC", "FFFFAA", "F0F0FF", "FFDDEE" ] },
			{ "name": "Eyes", "story": "032504", "arena": [ "032504", "351314", "10343A", "210031" ] }
		],
		"auto_grab_batflies": false,
		"weight": 0.8,
		"tunnel_speed": 2.0,
		"climb_speed": 2.0,
		"walk_speed": 0.8,
		"crouch_stealth": 1.5,
		"throw_skill": 1,
		"lung_capacity": 0.2,
		"loudness": 0.7,
		"alignments": {
			"all": { "like": -1, "strength": 0.5 }
		},
		"diet": {
			"corpses": 2,
			"meat": 0.25,
			"plants": -1,
			"overrides": {
				"Fly": 2
			}
		},
		
		"karma": 3,
		"karma_cap": 7,
		"start_room": "SI_S04",
		"guide_overseer": 3,
		"has_dreams": false,
		"cycle_length_min": 10,
		"cycle_length_max": 10,
		"perma_unlock_gates": true,
		"food_min": 4,
		"food_max": 6,
		"select_menu_scene": "Slugcat_Example"
	}
}